url,Tags,lastbreadcrumb,heading,cleaned-heading,product-information,variants,product-image
https://www.patanjaliayurved.net/product/natural-personal-care/hair-care/shampoo/patanjali-kesh-kanti-reetha-hair-cleanser/3923,"natural-personal-care,hair-care,shampoo",Patanjali Kesh Kanti Reetha Hair Cleanser,Patanjali Kesh Kanti Reetha Hair Cleanser                             180 ml,Patanjali Kesh Kanti Reetha Hair Cleanser,"<b>Product Information</b>
Patanjali kesh kanti reetha hair cleanser, an advanced new generation formulation loaded with bio-actives, phyo-keratin & vitamin b5 to make hair healthy, smooth & silky.
<b>Benefits </b>
Dermatologically tested. For Lusciously thick & long hair. For shiny black hair with radiant glow. Reduces hair fall and hair greying. For daily damage care silk and smooth hair. For nourishing and shiny black hair. 
<b>Ingredients </b>
Reetha (Sapindus trifoliatus) 25 mg Base Materials: Aqua, Sodium Laureth sulfate, Cocamide MEA, Vit.- E, Sunflower (Helianthus annuus) oil, Diazolidinyl urea & IPBC, CI 77266, Sugandhit Dravya-Q.S. 
<b>How to use </b>
Apply 2-5 ml on wet hair and massage gently, leave for 1-2 minutes and rinse with water. 
<b>Other Product Info </b>
Best before-24 months from manufacturing date.",180 ml,"https://www.patanjaliayurved.net/assets/product_images/400x500/1689595103KKKeshReethaHairCleanser-180ml1.png,https://www.patanjaliayurved.net/assets/product_images/400x300/1689595103KKKeshReethaHairCleanser-180ml2.png,https://www.patanjaliayurved.net/assets/product_images/additional_images/KKKeshReethaHairCleanser-180ml3_1689595103.png,https://www.patanjaliayurved.net/assets/product_images/additional_images/KKKeshReethaHairCleanser-180ml4_1689595103.png"
https://www.patanjaliayurved.net/product/natural-personal-care/hair-care/shampoo/patanjali-kesh-kanti-natural-hair-cleanser/889,"natural-personal-care,hair-care,shampoo",Patanjali Kesh Kanti Natural Hair Cleanser,Patanjali Kesh Kanti Natural Hair Cleanser                             450 ml,Patanjali Kesh Kanti Natural Hair Cleanser,"<b>Product Information</b>
Patanjali Kesh Kanti Hair Cleanser safely washes away dirt, grime and dust from hair with its herbal composition that also leaves your tresses silky and shining. The natural medicinal ingredients treat hair and scalp of dryness and dandruff.
<b>Benefits </b>
Leaves hair softer, thicker and shinier. Leaves scalp gently moisturized. It helps to control hair loss & greying. 
<b>Ingredients </b>
Bhringraj (Eclipta Alba) Henna (Lawsonia Inermis) Neem (Azadirachta Indica) Tulsi (Ocimum Sanctum) Ghritkumari (Aloe Barbadensis) Reetha (Sapindus Trifoliatus) Amla (Emblica Officinalis ) Shikakai (Acacia Concinna) Bakuchi (Psoralea Corylifolia) Haldi (Curcuma Longa) Giloy (Tinospora Cordifolia) Amba Haldi (Curcuma Amada) Base Materials: Aqua, Surfactant Base, Vit. – E, Sun Flower (Helianthus Annuus) Oil, Diazolidinyl Urea & Ipbc, Sugandhit Dravya - Q.s. 
<b>How to use </b>
Apply 2-5 gm on hair after wash, massage gently and leave for 1-2 minutes, and rinse with water. 
<b>Other Product Info </b>
Best before-24 months from manufacturing date.","450 ml, 180 ml","https://www.patanjaliayurved.net/assets/product_images/400x500/1689503691KeshKantiNatural450ml1.png,https://www.patanjaliayurved.net/assets/product_images/400x300/1689503691KeshKantiNatural450ml2.png,https://www.patanjaliayurved.net/assets/product_images/additional_images/KeshKantiNatural450ml3_1689503691.png,https://www.patanjaliayurved.net/assets/product_images/additional_images/KeshKantiNatural450ml4_1689503691.png,https://www.patanjaliayurved.net/assets/product_images/additional_images/KeshKantiNatural450ml5_1689503691.png"
https://www.patanjaliayurved.net/product/natural-personal-care/hair-care/hair-oil/patanjali-kesh-kanti-hair-oil/542,"natural-personal-care,hair-care,hair-oil",Patanjali Kesh Kanti Hair Oil,Patanjali Kesh Kanti Hair Oil                             120 ml,Patanjali Kesh Kanti Hair Oil,"<b>Product Information</b>
Patanjali Ayurvedic Kesh Kanti Hair Oil provides deep nourishment and strengthens hair roots, reduces hair fall and dandruff, and prevents split ends and hair from greying. The regenerating mix of Wheat Germ Oil, bhringraj, sunflower oil and aloe vera calm the scalp, reduces toxin build up and help hair become soft, smooth and tangle free. The soft essences of the herbs used to aid in reducing sleeplessness and headaches.
<b>Benefits </b>
Decreases hair dryness and roughness. Strengthens hair roots. Reduces hair fall, dandruff. Prevents split ends and greying. Regenerates hair growth. Makes hair healthy and strong. 
<b>Ingredients </b>
Brahmi Amla Bhringraj Mehandi Neem leaf Baheda Harar(big) Giloy Ghrit kumari Jatamansi Haldi, Nagkesar Bakuchi Gurhal pusp Charela Yashti madhu, anantmool Rasaut vacha coconut oil Til oil Base material : BHT, Sugandhit dravya,q.s 
<b>How to use </b>
Take required quantity and massage gently on hair and scalp before bed Leave overnight Wash in the morning 
<b>Other Product Info </b>
Best before-24 months from manufacturing date.","120 ml, 300 ml","https://www.patanjaliayurved.net/assets/product_images/400x500/1689500964KeshkantiHairOil120ml1.png,https://www.patanjaliayurved.net/assets/product_images/400x300/1689500964KeshkantiHairOil120ml2.png,https://www.patanjaliayurved.net/assets/product_images/additional_images/KeshkantiHairOil120ml3_1689500964.png,https://www.patanjaliayurved.net/assets/product_images/additional_images/KeshkantiHairOil120ml4_1689500964.png,https://www.patanjaliayurved.net/assets/product_images/additional_images/KeshkantiHairOil120ml5_1689500964.png"
https://www.patanjaliayurved.net/product/natural-personal-care/hair-care/shampoo/patanjali-kesh-kanti-milk-protein-hair-cleanser/1153,"natural-personal-care,hair-care,shampoo",Patanjali Kesh Kanti Milk Protein Hair Cleanser,Patanjali Kesh Kanti Milk Protein Hair Cleanser                             450 ml,Patanjali Kesh Kanti Milk Protein Hair Cleanser,"<b>Product Information</b>
An advance hair repair formula enriched with proteins, vitamins and phyto actives which nourishes the scalp, repair dry dull hair and prevent hair fall effectively. Smoothen frizzy tresses with the nourishing extracts of bhringraj, ghritakumari, mehendi and hydrolyzed milk protein, enriches the tresses with protein and locks in moisture, giving you naturally luscious and silky hair.
<b>Benefits </b>
Nourishes and revitalizes hair. Useful in reducing dryness and roughness of hair. Prevents hair fall. Moisturizes and softens strands. Improves hair shine. 
<b>Ingredients </b>
Bhringraj (Eclipta alba) Mehendi (Lawsonia inermis) Neem (Azadirachta indica) Tulsi (Ocimum sanctum) Ghritkumari (Aloe barbadensis) Base Materials: Aqua, Surfactant Base, Glycerine, Sun Flower (Helianthus annuus) oil, Hydrolyzed Milk Protein, Vitamin – E, Diazolidinyl urea & IPBC, Sugandhit Dravya- Q.S. 
<b>How to use </b>
Pour 2-5 ml on palm and gently massage on wet hair for a minute Leave in for 3-4 minutes so that hair fully absorbs its goodness Rinse off with water In case of contact with eyes, rinse with water immediately. 
<b>Other Product Info </b>
Best before-24 months from manufacturing date.","450 ml, 180 ml","https://www.patanjaliayurved.net/assets/product_images/400x500/1689503588KeshKantiHairCleanserMilkProtein450ml1.png,https://www.patanjaliayurved.net/assets/product_images/400x300/1689503588KeshKantiHairCleanserMilkProtein450ml2.png,https://www.patanjaliayurved.net/assets/product_images/additional_images/KeshKantiHairCleanserMilkProtein450ml3_1689503588.png,https://www.patanjaliayurved.net/assets/product_images/additional_images/KeshKantiHairCleanserMilkProtein450ml4_1689503588.png,https://www.patanjaliayurved.net/assets/product_images/additional_images/KeshKantiHairCleanserMilkProtein450ml5_1689503588.png"
https://www.patanjaliayurved.net/product/natural-personal-care/hair-care/hair-oil/patanjali-almond-hair-oil/540,"natural-personal-care,hair-care,hair-oil",Patanjali Almond Hair Oil,Patanjali Almond Hair Oil                             100 ml,Patanjali Almond Hair Oil,"<b>Product Information</b>
Patanjali almond hair oil strengthens, softens, conditions the hair and prevents hair fall. Almond oil has been valued for centuries for its nourishing properties and healthy hair-growing ingredients such as vitamin e, omega-3 fatty acids and magnesium that absorb easily into hair and soothe the scalp. The oil forms a protective layer around hair and leaves it healthier and shiner. Patanjali almond oil nourishes and strengthens hair, helps in treating hair fall and hair damaged. Use regularly to improve texture and look of hair.
<b>Benefits </b>
Strengthens and conditions hair. Makes hair shiny and silky. Reduces hair fall 
Nourishes with minerals and vitamins. 
<b>Ingredients </b>
Almond Oil (Prunus Amygdalus) Til Oil (Sesamum Indicum) Baheda (Terminalia Bellerica) Amla (Emblica Officinalis) Harard (Terminalia Chebula) Base material : CI: 2740 & CI: 12150, Base q.s. 
<b>How to use </b>
Apply 2-5 gm on hair, Massage gently and leave. 
<b>Other Product Info </b>
Best before-24 months from manufacturing date.","100 ml, 200 ml, 50 ml","https://www.patanjaliayurved.net/assets/product_images/400x500/1689501023AlmondHairOil100ml1.png,https://www.patanjaliayurved.net/assets/product_images/400x300/1689501023AlmondHairOil100ml2.png,https://www.patanjaliayurved.net/assets/product_images/additional_images/AlmondHairOil100ml3_1689501023.png,https://www.patanjaliayurved.net/assets/product_images/additional_images/AlmondHairOil100ml4_1689501023.png"
https://www.patanjaliayurved.net/product/natural-personal-care/hair-care/patanjali-herbal-mehandi/779,"natural-personal-care,hair-care",Patanjali Herbal Mehandi,Patanjali Herbal Mehandi                             100 g,Patanjali Herbal Mehandi,"<b>Product Information</b>
Patanjali Herbal Mehandi (Henna) is made from goodness of 10 herbs. It naturally conditions and colours the hair.  It improves hair growth, reduces hair fall and provides cooling to scalp. Synergetic effect of herbs (Henna, Amla, Fenugreek, Shikakai, Neem, Bhringraj, Katha, Tea, Black Cumin, True indigo) naturally colour, strengthen and conditioned the hair.
<b>Benefits </b>
Nourishing the hair. Makes hair shiny and soft. Prevent hair fall & early age greying of hair. 
<b>Ingredients </b>
Heena  (Lawsonia inermis) Amla (Embilica officinalis) Methi (Trigonella foenm-graccum) Shikakai (Acacia concinna) Bhringraj (Eclipta alba) Neem (Azadirachta indica) Katha (Acacia catechu) Green Tea( Camellia sinensis) Kalaungi ( Nigella sativa) Neel patta (Indigofera tinctoria) 
<b>How to use </b>
Soak patanjali kesh kanti herbal mehandi overnight, or for a minimum of 4 hours in an iron pot. Apply on small sections of hair. Allow to remain on hair for 2 hours. Rinse with water. 
<b>Other Product Info </b>
Best before-24 months from manufacturing date.",100 g,"https://www.patanjaliayurved.net/assets/product_images/400x500/1689498653HerbalMehandi-100g1.png,https://www.patanjaliayurved.net/assets/product_images/400x300/1689498653HerbalMehandi-100g2.png,https://www.patanjaliayurved.net/assets/product_images/additional_images/HerbalMehandi-100g3_1689498653.png,https://www.patanjaliayurved.net/assets/product_images/additional_images/HerbalMehandi-100g4_1689498653.png,https://www.patanjaliayurved.net/assets/product_images/additional_images/HerbalMehandi-100g5_1689498653.png"
https://www.patanjaliayurved.net/product/natural-personal-care/hair-care/hair-oil/divya-kesh-taila/78,"natural-personal-care,hair-care,hair-oil",Divya Kesh Taila,Divya Kesh Taila                             100 ml,Divya Kesh Taila,"<b>Product Information</b>
Kesh Taila draws on the goodness of herbal extracts to keep your hair thick and lustrous. It moisturized your scalp and keeps dryness from environmental damages away. Kesh Taila nourishes your hair from the roots to the tips and prevents hair fall and greying, and it stimulates growth of new hair follicles thus preventing baldness. Kesh Taila has a cooling effect that soothes headaches. 

Massage Kesh Taila regularly for the best results. Give your hair the nourishment, it deserves and get thick and shining hair.
<b>Benefits </b>
Cures baldness. Reduces hair fall, greying of hair, etc. 
<b>Ingredients </b>
Bhringraj, Brahmi, Amla, Ratanjot, Priyangu, Nagarmotha, Naagkeshar, Tagar, Manjith, Lodhra, Meetha Indrajou, Haldi, Mulethi, Kamal, Anantmool, Babool, Jatamansi, Ratti, Bakuchi, Daruhaldi, Neelpatra, Til Taila 
<b>How to use </b>
Massage 5-10 ml once a day on the hair roots with your finger tips or as directed by the physician. 
<b>Other Product Info </b>
Best before 3 years from manufacturing date.",100 ml,"https://www.patanjaliayurved.net/assets/product_images/400x500/1689501055KeshTaila100ml1.png,https://www.patanjaliayurved.net/assets/product_images/400x300/1689501055KeshTaila100ml3.png,https://www.patanjaliayurved.net/assets/product_images/additional_images/KeshTaila100ml2_1689501055.png,https://www.patanjaliayurved.net/assets/product_images/additional_images/KeshTaila100ml4_1689501055.png,https://www.patanjaliayurved.net/assets/product_images/additional_images/KeshTaila100ml5_1689501055.png,https://www.patanjaliayurved.net/assets/product_images/additional_images/KeshTaila100ml6_1689501055.png"
https://www.patanjaliayurved.net/product/natural-personal-care/hair-care/hair-oil/patanjali-sheetal-hair-oil/832,"natural-personal-care,hair-care,hair-oil",Patanjali Sheetal Hair Oil,Patanjali Sheetal Hair Oil                             100 ml,Patanjali Sheetal Hair Oil,"<b>Product Information</b>
Patanjali sheetal oil is a unique blend of herbal extract and vegetable oil for head and body massage with the cooling and relaxing properties. Massage with sheetal oil relaxes the muscles, while its cooling effect relieves tension. It is an effective formula for both men and women. It is easily absorbed by massaging the scalp and provide soothing effect, it also helps in improving blood circulation.
<b>Benefits </b>
Provides relief from stress, headache, body & joint ache and sleeplessness. 
<b>Ingredients </b>
Til oil (Sesamum indicum) Pudina oil (Mentha piperita) Amla (Emblica officinalis) Kapoor (Cinnamomum camphora) Tulsi (Ocimum sanctum) Jatamansi (Nardostachys jatamansi) Ratanjot (Alkanna tinctoria) Laung oil (Syzygium aromaticum) Bhringraj (Eclipta alba) Nilgiri oil (Eucalyptus globulus) 
<b>How to use </b>
Apply gently on the affected part for relief. 
<b>Other Product Info </b>
Best before-24 months from manufacturing date.","100 ml, 50 ml","https://www.patanjaliayurved.net/assets/product_images/400x500/1689500899sheetaloil100ml1.png,https://www.patanjaliayurved.net/assets/product_images/400x300/1689500899sheetaloil100ml2.png,https://www.patanjaliayurved.net/assets/product_images/additional_images/sheetaloil100ml3_1689500899.png,https://www.patanjaliayurved.net/assets/product_images/additional_images/sheetaloil100ml4_1689500899.png,https://www.patanjaliayurved.net/assets/product_images/additional_images/sheetaloil100ml5_1689500899.png"
https://www.patanjaliayurved.net/product/natural-personal-care/hair-care/hair-oil/patanjali-kesh-kanti-advance-herbal-hair-expert-oil/3541,"natural-personal-care,hair-care,hair-oil",Patanjali Kesh Kanti Advance Herbal Hair Expert Oil,Patanjali Kesh Kanti Advance Herbal Hair Expert Oil                             100 ml,Patanjali Kesh Kanti Advance Herbal Hair Expert Oil,"<b>Product Information</b>
Hair is fastest growing natural tissue in human body. Healthy hair is in general a sign of good health and good hair care practice. Therefore hair nutrition is vital part of hair health for every individual. Patanjali kesh kanti herbal hair expert oil is 100% natural solution for hair problems in busy life styles. Hair health is most neglected area so it is designed to offer a natural care for overall hair health. It acts by supplying balanced nourishment to hair roots and scalp to repair damaged hair, preventing hair graying, control hair fall, promotes hair growth and protect from dandruff. It also restores natural conditioning and shine of the hair.
<b>Benefits </b>
Dermatologically tested & Clinically proven. Made from 100% vegetable oil. Mineral oil free (LLPO & HLPO) No added paraben. Keshya, Kesh Poshak, Kesh Vardhak, Kesh Rakshak, Twak Dosh Har, Rusi Har. 100% herbal solution for hair loss, Scientifically & clinically proven to improve hair growth. Up to 100% dandruff free scalp. 
<b>Ingredients </b>
Bhringraj (Eclipta alba) Wp. C.P. 13.5 g, Curry (Murraya koenigii) Lf. C.P. 7.2 g, Kalonji (Nigella sativa) Sd. C.P. 6.5 g, Nimbu (Citrus limon) Fr. C.P. 6.5 g, Coconut (Cocos nucifera) Fr. Endocarp Milk 6.0 g, Gurhal (Hibiscus rosa-sinensis) Fl. C.P. 5.4 g, Coconut (Cocos nucifera) Fr. Endocarp Oil 5.0 g, Ghrit Kumari (Aloe barbadensis) Lf. C.P. 3.2 g, Sabaj Patta (Cannabis sativa) Lf. C.P. 3.2 g, Manjistha (Rubia cordifolia) Rt./St. C.P. 3.2 g, Amla (Emblica officinalis) Fr. C.P. 3.0 g, Malkangani (Celastrus paniculatus) Fr. C.P. 2.0 g, Vat Jata (Ficus benghalensis) Ar.Rt. C.P. 2.0 g, Methi (Trigonella foenum-graecum) Sd. C.P. 1.3 g, Henna (Lawsonia inermis) Lf. C.P. 1.3 g, Shikakai (Acacia concinna) Pod C.P. 1.3 g, Brahmi (Bacopa monnieri) Wp. C.P. 1.3 g, Castor (Ricinus communis) Sd. Oil 1.0 g, Rose hip (Rosa moschata) Fr. Oil 1.0 g, Neem (Azadirachta indica) Lf. C.P. 0.7 g, Mandookparni (Centella asiatica) Ap. C.P. 0.7 g, Ratanjot (Geranium wallichianum) Rt. C.P. 0.7 g, Charila (Permelia perlata) Wp. C.P. 0.7 g, Reetha (Sapindus mukorossi) Fr. C.P. 0.7 g, Jatamansi (Nardostachys jatamansi) Rz. C.P. 0.7 g, Laal Chandan (Pterocarpus santalinus) St. C.P. 0.6 g, Neem (Azadirachta indica) Sd. Oil 0.5 g, Devdaru (Cedrus deodara) St. Oil 0.25 g, Cajuput (Melaleuca leucadendron) Lf. Oil 0.25 g Base Materials: Til (Sesamum indicum) Sd. Oil, Vit.-E, Sugandhit Dravya-Q.S. 
<b>How to use </b>
Apply 3-6 ml Patanjali kesh kanti herbal hair expert oil on hair & scalp. (doses may vary depending upon hair problems & volume.) massage gently with the help of finger tips up to 10 minutes. Leave on 6 – 8 hours / overnight. 
<b>Other Product Info </b>
Best before 720 days from manufacturing date.","100 ml, 30 ml","https://www.patanjaliayurved.net/assets/product_images/400x500/16895005111.png,https://www.patanjaliayurved.net/assets/product_images/400x300/1689500511b.png,https://www.patanjaliayurved.net/assets/product_images/additional_images/base_1689500511.png,https://www.patanjaliayurved.net/assets/product_images/additional_images/compo_1689500511.png,https://www.patanjaliayurved.net/assets/product_images/additional_images/info_1689500511.png,https://www.patanjaliayurved.net/assets/product_images/additional_images/mfg_1689500511.png"
https://www.patanjaliayurved.net/product/natural-personal-care/hair-care/hair-oil/patanjali-tejus-tailum/837,"natural-personal-care,hair-care,hair-oil",Patanjali Tejus Tailum,Patanjali Tejus Tailum                             100 ml,Patanjali Tejus Tailum,"<b>Product Information</b>
Patajali tejus tailum oil is a unique ayurvedic formulation of  100% pure olive oil, alomond oil, walnut oil, sunflower oil, sesame oil, soybean oil, mustard oil and castor oils. This blend penetrates deep into the skin, muscles, and scalp and hair shafts and keep it nourish and strengthen. The ayurvedic formulation is also valued for its ability to improve muscle activity, treat headaches, and moisturize skin and hair. Ideal for healing winter dryness and itchiness, this oil help to maintain water loss and skin hydration.
<b>Benefits </b>
Nourish, hydrate and rejuvenate the skin .Useful in dryness and roughness of skin. Improves muscle activity. Reduces hair fall. Provides pain relief in muscles. Increases direct absorption of vitamins from oils. 
<b>Ingredients </b>
Badam oil (Prunus amygdalus) Jaitoon oil (Olea europaea) Akhroot oil (Juglans regia) Sunflower oil (Helianthus annus) Til oil (Sesamum indicum) Soyabean oil (Glycin max) Mungfali oil (Arachisvillosulicarpa) Sarso oil (Brassica compestris) Arnd oil (Ricinus communis) Perfume : Q.S., TBHQ - Q.S. 
<b>How to use </b>
10-15 ml oil for hair & skin glow & improves muscles strength. 
<b>Other Product Info </b>
Best before-24 months from manufacturing date.",100 ml,"https://www.patanjaliayurved.net/assets/product_images/400x500/1689500867TejasTailum100ml1.png,https://www.patanjaliayurved.net/assets/product_images/400x300/1689500867TejasTailum100ml2.png,https://www.patanjaliayurved.net/assets/product_images/additional_images/TejasTailum100ml3_1689500867.png,https://www.patanjaliayurved.net/assets/product_images/additional_images/TejasTailum100ml4_1689500867.png,https://www.patanjaliayurved.net/assets/product_images/additional_images/TejasTailum100ml5_1689500867.png"
https://www.patanjaliayurved.net/product/natural-personal-care/hair-care/hair-oil/patanjali-walnut-oil/3997,"natural-personal-care,hair-care,hair-oil",Patanjali Walnut Oil,Patanjali Walnut Oil                             20 ml,Patanjali Walnut Oil,"<b>Product Information</b>
Walnut oil extracted from the fruit of walnut nut, walnut oil is known to promote hair growth and control hair fall. It is rich in omega-3 fatty acids and has several therapeutic properties. It has anti-fungal, antibacterial, and anti-inflammatory properties.
<b>Benefits </b>
Balya, Shothar 
<b>Ingredients </b>
Walnut Oil (Juglans regia) Seed 100 ml 
<b>How to use </b>
Take required quantity of oil and massage gently over skin, hair & all over the body. 
<b>Other Product Info </b>
Best before 12 months from the date of manufacturing. For external use only.",20 ml,"https://www.patanjaliayurved.net/assets/product_images/400x500/16895004051.png,https://www.patanjaliayurved.net/assets/product_images/400x300/16895004052.png,https://www.patanjaliayurved.net/assets/product_images/additional_images/3_1689500405.png,https://www.patanjaliayurved.net/assets/product_images/additional_images/compo_1689500405.png,https://www.patanjaliayurved.net/assets/product_images/additional_images/mfg_1689500405.png"
https://www.patanjaliayurved.net/product/natural-personal-care/hair-care/shampoo/kesh-kanti-advance-herbal-hair-expert-shampoo/3949,"natural-personal-care,hair-care,shampoo",Kesh Kanti Advance Herbal Hair Expert Shampoo,Kesh Kanti Advance Herbal Hair Expert Shampoo                             100 ml,Kesh Kanti Advance Herbal Hair Expert Shampoo,"<b>Product Information</b>
Patanjali Kesh Kanti Advance Herbal Hair Expert shampoo is a unique Ayurvedic Proprietary Medicine, designed as a 100% natural solution for multiple hair problems of both men and women. Its deep & balanced nourishment, rejuvenates hair roots & scalp that repairs damaged hair, prevents hair fall, promotes hair growth and also provide effective protection from dandruff.
<b>Benefits </b>
Repairs Damage Hair. Prevents Hair Fall. Protects From Dandruff. Kesh poshak, Kesh vardhak. 
<b>Ingredients </b>
Aloevera (Aloe Barbadensis) Lf. Juice 2500 Mg, Til (Sesamum Indicum) Sd. Oil 839 Mg, Bhringraj (Eclipta Alba) Wp. C. P. 135 mg, Curry (Murraya koenigli) Lf. C. P. 72 mg, Kalonji (Nigella sativa) Sd. C. P. 65 mg, Nimbu (Citrus Limon) Fr. C.P. 65 mg, Coconut (Cocos Nucifera) Fr. Endocarp Milk 60 mg, Gurhal (Hibiscus Rosa sinesis) FI. c.p. 54 mg, Coconut (Cocos Nucifera) Fr. Endocarp Milk 60 mg, Aloevera (Aloe barbadensis) Lf. C. P. 32 mg, Manjistha (Rubia Cordifolia) Rt./st. C.P. 32 mg, Amla (Emblica Officinalis) Fr. C.P. 30 mg, Malkangani (Celaturs paniculatus) Fr. C. P. 20 mg, Vat jata  (Ficus Benghalensis ) Ar. Rt. C. P. 20 mg, Methi (Trigonella foenum-graecum) Sd. C. P. 13 mg, Henna (Lawsonia inermis) Lf. C.P. 13 mg, Shikakai (Acacia concinna) Pod C. P. 13 mg, Brahmi (Bacopa Monnieri) Wp. C. P. 13 mg, Castor (Ricinus communis) Sd. Oil 10 mg, Rose Hip (Rosa Moschata) Fr. Oil 10 mg, Neem (Azadirachta indica) Lf. C. P. 7 mg, Mandookparni (Centella asiatica) Ap. C. P. 7 mg, Ratanjot (Geranium Wallichianum) Rt. C. P. 7 mg, Charila (Parmelia pariata) Wp. C. P. 7 mg, Reetha  (Sapindus trifoliatus) Fr. C. P. 7 mg, Jatamansi (Nardostachys jatamansi) Rz. C. P. 7 mg, Laal Chandan (Pterocarpus santalinus)St. C. P. 6 mg, Neem (Azadirachta indica) sd. oil 5 mg, Devdaru (Cedrus deodara) St. Oil. 2.5 mg, Cajupat (Melaleuca leucadendron) Lf. Oi; 2.5 mg Base Material : Aqua, Sodium Laureth Suphate, Cocamidopropyl Betain, Cocamide MEA, Polyquaternium 7, Panthothenic acid, Polyquaternimum 10, Glycerine, Glycol Distearate, Betaine, Ethylenediaminetracetic acid, Tocopheryl acetate, Mica and Titanium Dioxide, Diazolidynyl Urea Iodopropynyl Butylacarbamate, Sugandhit Dravya- Q.S 
<b>How to use </b>
Apply 2-5 ml patanjali kesh kanti advance herbal hair expert shampoo on wet hair, massage gently and wash with water. For better results apply kesh kanti advance herbal hair expert oil regularly. 
<b>Other Product Info </b>
Best before 24 months from the date of manufacturing.",100 ml,"https://www.patanjaliayurved.net/assets/product_images/400x500/16895014071.png,https://www.patanjaliayurved.net/assets/product_images/400x300/16895014072.png,https://www.patanjaliayurved.net/assets/product_images/additional_images/b_1689501407.png,https://www.patanjaliayurved.net/assets/product_images/additional_images/base_1689501407.png,https://www.patanjaliayurved.net/assets/product_images/additional_images/compo_1689501407.png,https://www.patanjaliayurved.net/assets/product_images/additional_images/mfg_1689501407.png"
https://www.patanjaliayurved.net/product/natural-personal-care/hair-care/shampoo/keshkanti-hair-cleanser-natural/3989,"natural-personal-care,hair-care,shampoo",Keshkanti Hair Cleanser Natural,Keshkanti Hair Cleanser Natural                              6 ml,Keshkanti Hair Cleanser Natural,"<b>Product Information</b>
Patanjali kesh kanti hair cleanser safely washes away dirt, grime and dust from hair with its herbal composition that also leaves your tresses silky and shining. The natural medicinal ingredients treat hair and scalp of dryness and dandruff.
<b>Benefits </b>
Leaves hair softer, thicker and shinier. Leaves scalp gently moisturized. It helps to control hair loss & graying. 
<b>Ingredients </b>
Bhringraj (Eclipta alba) Henna (Lawsonia inermis) Neem (Azadirachta indica) Tulsi (Ocimum sanctum) Ghritkumari (Aloe barbadensis) Reetha (Sapindus trifoliatus) Amla (Emblica officinalis ) Shikakai (Acacia concinna) Bakuchi (Psoralea corylifolia) Haldi (Curcuma longa) Giloy (Tinospora cordifolia) Amba haldi (Curcuma amada) Base Materials: Aqua, Surfactant Base, Vit. – E, Sun Flower (Helianthus annuus) oil, Diazolidinyl urea & IPBC, Sugandhit Dravya - Q.S. 
<b>How to use </b>
Apply 2-5 ml on hair after wash, massage gently and leave for 1-2 minutes, and rinse with water. 
<b>Other Product Info </b>
Best before-24 months from manufacturing date.",6 ml,"https://www.patanjaliayurved.net/assets/product_images/400x500/16895013521.png,https://www.patanjaliayurved.net/assets/product_images/400x300/1689501352b.png,https://www.patanjaliayurved.net/assets/product_images/additional_images/base_1689501352.png,https://www.patanjaliayurved.net/assets/product_images/additional_images/compo_1689501352.png,https://www.patanjaliayurved.net/assets/product_images/additional_images/mfg_1689501352.png"
https://www.patanjaliayurved.net/product/natural-personal-care/hair-care/shampoo/keshkanti-hair-cleanser-aloevera/3990,"natural-personal-care,hair-care,shampoo",Keshkanti Hair Cleanser Aloevera,Keshkanti Hair Cleanser Aloevera                              6 ml,Keshkanti Hair Cleanser Aloevera,"<b>Product Information</b>
Patanjali kesh kanti aloe vera hair cleanser, a mild formulation with aloe vera, phyto-proteins and ceramide-3 for gentle care of hair by providing deep conditioning & nourishment of hair & scalp.
<b>Benefits </b>
Reduces dryness & moisturize scalp. It helps strengthen & detangle hair. It keeps hair protected and clean from weather and environmental damage. 
<b>Ingredients </b>
Ghritkumari (Aloe barbadensis) Gurhal pushp (Hibiscus rosa-sinensis) Tulsi (Ocimum sanctum) Brahmi (Bacopa monnieri) Reetha (Sapindus trifoliatus) Amla (Emblica officinalis) Bhrangraj (Eclipta alba) Henna (Lawsonia inermis) Shikakai (Acacia concinna) Haldi (Curcuma longa) Giloy (Tinospora cordifolia) Bakuchi (Psoralea corylifolia) Vitamin B5 & E 
<b>How to use </b>
Apply 2-5 ml on hairs, massage gently and leave for 1-2 minutes. Rinse with water. 
<b>Other Product Info </b>
Best before-24 months from manufacturing date.",6 ml,"https://www.patanjaliayurved.net/assets/product_images/400x500/16895012871.png,https://www.patanjaliayurved.net/assets/product_images/400x300/1689501287b.png,https://www.patanjaliayurved.net/assets/product_images/additional_images/base_1689501287.png,https://www.patanjaliayurved.net/assets/product_images/additional_images/compo_1689501287.png,https://www.patanjaliayurved.net/assets/product_images/additional_images/mfg_1689501287.png"
https://www.patanjaliayurved.net/product/natural-personal-care/hair-care/patanjali-conditioner-with-protein/775,"natural-personal-care,hair-care",Patanjali Conditioner With Protein,Patanjali Conditioner With Protein                             100 g,Patanjali Conditioner With Protein,"<b>Product Information</b>
Patanjali hair conditioner protein enriched with natural herbs, vitamins & essential oil which softens and adds shine to dry and damaged hair, restoring its vitality and making it come to life with much-needed moisture. Add bounce and luster to your hair while protecting it from everyday elements.
<b>Benefits </b>
Regenerates hair growth . Makes hair shiny and soft. Conditions dry and damaged hair. Makes hair healthy and strong. 
<b>Ingredients </b>
Aloe Vera Juice (Aloe Barbadensis) Almond Oil (Prunus Amygdalus) Wheat Germ Oil ( Triticum Sativum) Bhringraj Ext. (Eclipta Alba) Glycerin Base Material : Aqua Glycerine Vitamin E Silicon Quantemium, Dimethicone, Diazolidinyl urea & IPBC, Soya Peptide, Milk protein, Chik pea ext., Permitted colour & Sugandhit dravya Q.S. 
<b>How to use </b>
Apply 2-5g on hair after wash, massage gently and leave for 1-2 minutes, then rinse with water. 
<b>Other Product Info </b>
Best before-24 months from manufacturing date.",100 g,"https://www.patanjaliayurved.net/assets/product_images/400x500/1689498994HairConditionerProtein100g1.png,https://www.patanjaliayurved.net/assets/product_images/400x300/1689498994HairConditionerProtein100g2.png,https://www.patanjaliayurved.net/assets/product_images/additional_images/HairConditionerProtein100g3_1689498994.png,https://www.patanjaliayurved.net/assets/product_images/additional_images/HairConditionerProtein100g4_1689498994.png,https://www.patanjaliayurved.net/assets/product_images/additional_images/HairConditionerProtein100g5_1689498994.png"
https://www.patanjaliayurved.net/product/natural-personal-care/hair-care/shampoo/kesh-kanti-combo-kesh-kanti-natural-hair-cleanser-450-mlkesh-kanti-hair-oil-120-ml-rs-30-off/3376,"natural-personal-care,hair-care,shampoo",Kesh Kanti Combo- KESH KANTI NATURAL HAIR CLEANSER 450 Ml+KESH KANTI HAIR OIL 120 ML- Rs 30 Off,Kesh Kanti Combo- KESH KANTI NATURAL HAIR CLEANSER 450 Ml+KESH KANTI HAIR OIL 120 ML- Rs 30 Off                             670 g,Kesh Kanti Combo- KESH KANTI NATURAL HAIR CLEANSER 450 Ml+KESH KANTI HAIR OIL 120 ML- Rs 30 Off,"<b>Product Information</b>
Kesh Kanti Combo-
  KESH KANTI NATURAL HAIR CLEANSER 450 Ml+KESH KANTI HAIR OIL 120 ML *Get Rs 30 in your Wallet
<b>Other Product Info </b>
Best before 730 days from manufacturing date.",670 g,https://www.patanjaliayurved.net/assets/product_images/400x500/1689503232cleanser+oil.png
https://www.patanjaliayurved.net/product/natural-personal-care/hair-care/shampoo/patanjali-kesh-kanti-anti-dandruff-hair-cleanser/3922,"natural-personal-care,hair-care,shampoo",Patanjali Kesh Kanti Anti Dandruff Hair Cleanser,Patanjali Kesh Kanti Anti Dandruff Hair Cleanser                             180 ml,Patanjali Kesh Kanti Anti Dandruff Hair Cleanser,"<b>Product Information</b>
Kesh kanti anti dandruff hair cleanser enriched with blends of herbal extracts, essential oils, vitamins and protein which provides cleansing & anti dandruff effects right down to the root of hair. Dry, rough, dandruff ridden scalp and hair need gentle touch of herbs to soothe and revitalize the affected areas.
<b>Benefits </b>
Reduces dryness. Control dandruff & hair fall. Improves hair shine and keep the crown lustrous. 
<b>Ingredients </b>
Rosemerry Taila (Rosemarinus Officinalis) (Lf.) 15 mg, Shahad (Honey) (Hc.) 10 mg, Neem Taila (Azadirachta indica) (Sd.) 2 mg, Tea Tree Taila (Melaleuca alternifolia) (Lf.) 2 mg, Nilgirir Taila (Eucalyptus globulus) (Lf.) 2 mg, Amla Ex. (Emblica Officinalis) (Fr. ) 2 mg, Gudhal Ex. (Hibiscus Rosa-Sinensis) (Fi.) 2 mg, Shikakai Ex. (Acacia Concinna) (Sd.) 2 mg, Methi Ex. (Trigonella Foenumgraecum) (Sd.) 1 mg, Tulsi Ex. (Ocimum Sanctum) (Lf.) 1 mg Base Material : Aqua, Sodium Laureth Sulfate, Cocamide MEA, Glycerin, Vit. B5, Diazolidinyl Ura & IPBC, CI 47005, CI 42090, Sugandhit Dravya- Q.S. 
<b>How to use </b>
Apply 2-5 gm on wet hair, massage gently and leave for 1-2 minutes. Rinse with water. 
<b>Other Product Info </b>
Best before-24 months from manufacturing date.",180 ml,"https://www.patanjaliayurved.net/assets/product_images/400x500/1689681015Antidandruff180ml1.png,https://www.patanjaliayurved.net/assets/product_images/400x300/1689681015Antidandruff180ml2.png,https://www.patanjaliayurved.net/assets/product_images/additional_images/Antidandruff180ml3_1689681015.png,https://www.patanjaliayurved.net/assets/product_images/additional_images/Antidandruff180ml4_1689681015.png,https://www.patanjaliayurved.net/assets/product_images/additional_images/Antidandruff180ml5_1689681015.png"
https://www.patanjaliayurved.net/product/natural-personal-care/hair-care/conditioner/kesh-kanti-combo-conditioner-protein-100-mlhair-cleanser-a-dandruff-450-ml-rs-30-off/3375,"natural-personal-care,hair-care,conditioner",Kesh Kanti Combo- Conditioner Protein 100 ml+Hair Cleanser A. Dandruff 450 ML-  Rs 30 Off,Kesh Kanti Combo- Conditioner Protein 100 ml+Hair Cleanser A. Dandruff 450 ML-  Rs 30 Off                             550 ml,Kesh Kanti Combo- Conditioner Protein 100 ml+Hair Cleanser A. Dandruff 450 ML-  Rs 30 Off,"<b>Product Information</b>
Kesh
  Kanti Combo- Conditioner Protein 100 ml+Hair Cleanser A. Dandruff 450
  ML *Get Rs 30 in your Wallet
<b>Other Product Info </b>
Best before 730 days from manufacturing date.",550 ml,https://www.patanjaliayurved.net/assets/product_images/400x500/1689481325Combo.png
https://www.patanjaliayurved.net/product/natural-personal-care/hair-care/hair-oil/patanjali-kesh-kanti-amla-hair-oil/541,"natural-personal-care,hair-care,hair-oil",Patanjali Kesh Kanti Amla Hair Oil,Patanjali Kesh Kanti Amla Hair Oil                             100 ml,Patanjali Kesh Kanti Amla Hair Oil,"<b>Product Information</b>
The ayurvedic formulation strengthens roots, revitalizes the hair and prevents hair fall, greying and split ends. Amla is a rich source of vitamin c. It nourishes your scalp from deep within your hair and strengthened from root to tip, reduces hair fall and provide you thick, long and healthy hair.
<b>Benefits </b>
Strengthens the roots. Reduces hair fall. Diminishes greying and split ends. 
<b>Ingredients </b>
Sunflower Oil (Helianthus Annuus) Olive Oil (Olea Europaea) Til Oil (Sesamum Indicum) Amla (Emblica Officinalis) Base material: CI : 12740, CI: 61565 & CI: 12150, Base Q.S. 
<b>How to use </b>
Take required quantity of oil and massage gently over hair and scalp. Leave for half an hour before washing. 
<b>Other Product Info </b>
Best before-24 months from manufacturing date.","100 ml, 50 ml, 200 ml","https://www.patanjaliayurved.net/assets/product_images/400x500/1689500994KeshkantiHairOIl100ml1.png,https://www.patanjaliayurved.net/assets/product_images/400x300/1689500994KeshkantiHairOIl100ml2.png,https://www.patanjaliayurved.net/assets/product_images/additional_images/KeshkantiHairOIl100ml3_1689500994.png,https://www.patanjaliayurved.net/assets/product_images/additional_images/KeshkantiHairOIl100ml4_1689500994.png,https://www.patanjaliayurved.net/assets/product_images/additional_images/KeshkantiHairOIl100ml5_1689500994.png"
https://www.patanjaliayurved.net/product/natural-personal-care/hair-care/patanjali-kesh-kanti-hair-colour-cream-developer-natural-black/1409,"natural-personal-care,hair-care",Patanjali Kesh Kanti Hair Colour (Cream & Developer) - Natural Black,Patanjali Kesh Kanti Hair Colour (Cream & Developer) - Natural Black                             40 g,Patanjali Kesh Kanti Hair Colour (Cream & Developer) - Natural Black,"<b>Product Information</b>
A new generation hair colour cream formula enriched with goodness of precious herbal actives, coconut oil, till oil that gives you glossy silky hair with natural colour. An integration of ayurvedic and modern science.
<b>Benefits </b>
Natural colour shade (natural black). Natural conditioning, nutrition & strength to hair. No ammonia. Clinically tested for safety and efficacy. Physiotherapy through natural actives for hairs and scalp. 2 in 1 combo sachet for easy to mix and use. 
<b>Ingredients </b>
Heena Amla Shikakai Methi Manjistha Bhringraj Jatamansi Neel Patta Neem Haldi Till Oil Coconut Oil Petasites Japonicus Root Extract Fumaria Officinalis Extract 
<b>How to use </b>
Step1 - Wear hand gloves. Step2 - Take the cream, then add the same quantity of developer in a non-metallic bowl and mix well. Step3 - Immediately apply the mixture on the washed and dried hair with a plastic brush. Step4 - Leave for 30mins and rinse your hairs thoroughly with water. ""Kindly perform sensitivity test prior application"". 
<b>Other Product Info </b>
Best before 1 year from manufacturing date.",40 g,"https://www.patanjaliayurved.net/assets/product_images/400x500/1689498146NaturalblackHaircolourPouch40g1.png,https://www.patanjaliayurved.net/assets/product_images/400x300/1689498146NaturalblackHaircolourPouch40g2.png,https://www.patanjaliayurved.net/assets/product_images/additional_images/NaturalblackHaircolourPouch40g3_1689498146.png,https://www.patanjaliayurved.net/assets/product_images/additional_images/NaturalblackHaircolourPouch40g4_1689498146.png,https://www.patanjaliayurved.net/assets/product_images/additional_images/NaturalblackHaircolourPouch40g5_1689498146.png,https://www.patanjaliayurved.net/assets/product_images/additional_images/NaturalblackHaircolourPouch40g6_1689498146.png,https://www.patanjaliayurved.net/assets/product_images/additional_images/NaturalblackHaircolourPouch40g7_1689498146.png"
https://www.patanjaliayurved.net/product/natural-personal-care/hair-care/hair-oil/almond-hair-care-combo-almond-oil-200-mlhair-condioner-olive-almond-100-ml-rs-15-off/3338,"natural-personal-care,hair-care,hair-oil",Almond Hair care Combo- Almond Oil 200 ML+Hair Condioner Olive Almond 100 ml - Rs 15 Off,Almond Hair care Combo- Almond Oil 200 ML+Hair Condioner Olive Almond 100 ml - Rs 15 Off                             300 ml,Almond Hair care Combo- Almond Oil 200 ML+Hair Condioner Olive Almond 100 ml - Rs 15 Off,"<b>Product Information</b>
Almond Hair care
  Combo- Almond Oil 200 ML+Hair Condioner Olive Almond 100 ml *Get Rs 15 in your Wallet
<b>Other Product Info </b>
Best before 730 days from manufacturing.",300 ml,https://www.patanjaliayurved.net/assets/product_images/400x500/1689500558HaircareCombo-AmlaHairOil200ML+ConditionerDamageControl100MlRs14Off.png
https://www.patanjaliayurved.net/product/natural-personal-care/hair-care/haircare-combo-amla-hair-oil-200-mlconditioner-damage-control-100-ml-rs-14-off/3337,"natural-personal-care,hair-care",Haircare Combo- Amla Hair Oil 200 ML+Conditioner Damage Control 100 Ml - Rs 14 Off,Haircare Combo- Amla Hair Oil 200 ML+Conditioner Damage Control 100 Ml - Rs 14 Off                             300 g,Haircare Combo- Amla Hair Oil 200 ML+Conditioner Damage Control 100 Ml - Rs 14 Off,"<b>Product Information</b>
Haircare Combo-
  Amla Hair Oil 200 ML+Conditioner Damage Control 100 Ml *Get Rs 14 in your Wallet
<b>Other Product Info </b>
Best before 730 days from manufacturing.",300 g,https://www.patanjaliayurved.net/assets/product_images/400x500/1689498001HaircareCombo-AmlaHairOil200ML+ConditionerDamageControl100MlRs14Off.png
https://www.patanjaliayurved.net/product/natural-personal-care/hair-care/kesh-kanti-combo-kesh-kanti-herbal-mehandi-100-gmkesh-kanti-hair-oil-300ml-rs-30-off/3360,"natural-personal-care,hair-care",Kesh Kanti Combo- KESH KANTI HERBAL MEHANDI- 100 GM+Kesh Kanti Hair Oil 300ml- Rs 30 Off,Kesh Kanti Combo- KESH KANTI HERBAL MEHANDI- 100 GM+Kesh Kanti Hair Oil 300ml- Rs 30 Off                             400 g,Kesh Kanti Combo- KESH KANTI HERBAL MEHANDI- 100 GM+Kesh Kanti Hair Oil 300ml- Rs 30 Off,"<b>Product Information</b>
Kesh Kanti Combo-
  KESH KANTI HERBAL MEHANDI- 100 GM+Kesh Kanti Hair Oil 300ml *Get Rs 30 in your Wallet
<b>Other Product Info </b>
Best before 730 days from manufacturing date.",400 g,https://www.patanjaliayurved.net/assets/product_images/400x500/1689497899mehandi+oil.png
https://www.patanjaliayurved.net/product/natural-personal-care/hair-care/combo-hebal-mehandi-100-gm-amla-hair-oil-200-ml-rs-10-off/3340,"natural-personal-care,hair-care",Combo- Hebal Mehandi 100 gm + Amla Hair Oil 200 ml  - Rs 10 Off,Combo- Hebal Mehandi 100 gm + Amla Hair Oil 200 ml  - Rs 10 Off                             300 g,Combo- Hebal Mehandi 100 gm + Amla Hair Oil 200 ml  - Rs 10 Off,"<b>Product Information</b>
Combo- Hebal Mehandi 100 gm + Amla Hair Oil 200 ml *Get Rs 10 in your Wallet
<b>Other Product Info </b>
Best before 730 days from manufacturing.",300 g,https://www.patanjaliayurved.net/assets/product_images/400x500/1689497976mehandi+hoil.png
https://www.patanjaliayurved.net/product/natural-personal-care/hair-care/patanjali-kesh-kanti-herbal-mehandi-natural-black/1202,"natural-personal-care,hair-care",Patanjali Kesh Kanti Herbal Mehandi (Natural Black),Patanjali Kesh Kanti Herbal Mehandi (Natural Black)                             20 g,Patanjali Kesh Kanti Herbal Mehandi (Natural Black),"<b>Product Information</b>
A new generation unique herbal mehandi formula with beneficial ayurvedic herbs, that gives you natural colour with smooth & silky hair.
<b>Benefits </b>
Natural colour shade (natural black) Natural conditioning, nutrition & strength to hair No ammonia Clinically tested for safety and efficacy Easy to mix and use 
<b>Ingredients </b>
• Heena • Amla • Shikakai • Methi • Kalaunji • Bhringraj • Katha • Neel Patta • Neem • Chai Patti 
<b>How to use </b>
Take the powder, then add sufficient water i.e. four times of the powder quantity and mix well. Apply on hair for 30 min. Wash with Shampoo & plenty of water. 
<b>Other Product Info </b>
Best before-12 months from manufacturing date.",20 g,"https://www.patanjaliayurved.net/assets/product_images/400x500/1689498505HerbalMehandi20g1.png,https://www.patanjaliayurved.net/assets/product_images/400x300/1689498505HerbalMehandi20g2.png,https://www.patanjaliayurved.net/assets/product_images/additional_images/HerbalMehandi20g3_1689498505.png,https://www.patanjaliayurved.net/assets/product_images/additional_images/HerbalMehandi20g4_1689498505.png,https://www.patanjaliayurved.net/assets/product_images/additional_images/HerbalMehandi20g5_1689498505.png"
https://www.patanjaliayurved.net/product/natural-personal-care/hair-care/patanjali-kesh-kanti-herbal-mehandi-natural-brown/1398,"natural-personal-care,hair-care",Patanjali Kesh Kanti Herbal Mehandi (Natural Brown),Patanjali Kesh Kanti Herbal Mehandi (Natural Brown)                             20 g,Patanjali Kesh Kanti Herbal Mehandi (Natural Brown),"<b>Product Information</b>
A new generation unique herbal mehandi formula with beneficial ayurvedic herbs that gives you natural colour with smooth & silky hair.
<b>Benefits </b>
Natural Colour Shade (Natural Brown) Natural Conditioning, Nutrition & Strength To Hair No Ammonia Clinically Tested For Safety And Efficacy Easy To Mix And Use 
<b>Ingredients </b>
Heena Amla Shikakai Methi Kalaunji Bhringraj Katha Neel Patta Neem Chai Patti 
<b>How to use </b>
Take the powder, then add sufficient water i.e. four times of the powder quantity and mix well. Apply on hair for 30min. Wash with Shampoo & plenty of water. 
<b>Other Product Info </b>
Best before-12 months from manufacturing date.",20 g,"https://www.patanjaliayurved.net/assets/product_images/400x500/1689498290NaturalBrown-HerbalMehandiPouch20g1.png,https://www.patanjaliayurved.net/assets/product_images/400x300/1689498290NaturalBrown-HerbalMehandiPouch20g2.png,https://www.patanjaliayurved.net/assets/product_images/additional_images/NaturalBrown-HerbalMehandiPouch20g3_1689498290.png,https://www.patanjaliayurved.net/assets/product_images/additional_images/NaturalBrown-HerbalMehandiPouch20g4_1689498290.png,https://www.patanjaliayurved.net/assets/product_images/additional_images/NaturalBrown-HerbalMehandiPouch20g5_1689498290.png"
https://www.patanjaliayurved.net/product/natural-personal-care/hair-care/shampoo/patanjali-kesh-kanti-hair-cleanser-silk-shine/1014,"natural-personal-care,hair-care,shampoo",Patanjali Kesh Kanti Hair Cleanser Silk & Shine,Patanjali Kesh Kanti Hair Cleanser Silk & Shine                              200 ml,Patanjali Kesh Kanti Hair Cleanser Silk & Shine,"<b>Product Information</b>
Patanjali Kesh Kanti Silk & Shine Hair cleanser removes dryness, softens rough hair & provide hair shine with natural herbs such as sesame oil, amla, honey and bhringraj. It softens & detangles hair, cleanse the hair and scalp of oiliness, grime & environmental toxins.
<b>Benefits </b>
Dermatologically tested. Useful for dry and rough hair. Prevents hair fall & improves hair shine For shiny and smooth hair. Nourishes and reduce graying of hair. Restores you hair strength. 
<b>Ingredients </b>
Til oil (Sesamum indicum) Mehandi extract (Lawsonia inermis) Amla Extract (Phyllanthus emblica) Gurhal Extract (Hibiscus rosa-sinensis) Reetha Extract (Sapindus mucorossi) Neem Extract (Azadirachta indica) Methi Extract (Trigonella foenum-graecum) Bhringraj Extract (Eclipta alba) Anar Extract (Punica granatum) Mulethi Extract (Glycyrrhiza glabra) Honey (Nector) Base Materials: Aqua, Surfactant base, Vit.- E, Vit.- B5, Methylisothiazolinone, Colour : CI 14720, CI 42090 & CI 19140, Sugandhit Dravya-Q.S. 
<b>How to use </b>
Massage 5-10 ml once a day on the hair roots with your fingertips or as directed by the physician. 
<b>Other Product Info </b>
Best before-24 months from manufacturing date.","200 ml, 450 ml","https://www.patanjaliayurved.net/assets/product_images/400x500/1689503663SilkandShineShampoo200ml1.png,https://www.patanjaliayurved.net/assets/product_images/400x300/1689503663SilkandShineShampoo200ml2.png,https://www.patanjaliayurved.net/assets/product_images/additional_images/SilkandShineShampoo200ml3_1689503663.png,https://www.patanjaliayurved.net/assets/product_images/additional_images/SilkandShineShampoo200ml4_1689503663.png,https://www.patanjaliayurved.net/assets/product_images/additional_images/SilkandShineShampoo200ml5_1689503663.png"
https://www.patanjaliayurved.net/product/natural-personal-care/hair-care/patanjali-kesh-kanti-herbal-mehandi-dark-brown/1399,"natural-personal-care,hair-care",Patanjali Kesh Kanti Herbal Mehandi (Dark Brown),Patanjali Kesh Kanti Herbal Mehandi (Dark Brown)                             20 g,Patanjali Kesh Kanti Herbal Mehandi (Dark Brown),"<b>Product Information</b>
A new generation unique herbal mehandi formula with beneficial ayurvedic herbs that gives you natural colour with smooth & silky hair.
<b>Benefits </b>
Natural Colour Shade (Dark Brown). Natural Conditioning, Nutrition & Strength to Hair. No Ammonia. Clinically Tested for Safety and Efficacy. Easy to Mix and Use. 
<b>Ingredients </b>
Heena Amla Shikakai Methi Kalaunji Bhringraj Katha Neel Patta Neem Chai Patti 
<b>How to use </b>
Take the powder, then add sufficient water i.e. four times of the powder quantity and mix well. Apply on hair for 30 min. Wash with Shampoo & plenty of water. 
<b>Other Product Info </b>
Best before-12 months from manufacturing date.",20 g,"https://www.patanjaliayurved.net/assets/product_images/400x500/1689498218DarkBrownHerabalMehandiPouch20g1.png,https://www.patanjaliayurved.net/assets/product_images/400x300/1689498218DarkBrownHerabalMehandiPouch20g2.png,https://www.patanjaliayurved.net/assets/product_images/additional_images/DarkBrownHerabalMehandiPouch20g3_1689498218.png,https://www.patanjaliayurved.net/assets/product_images/additional_images/DarkBrownHerabalMehandiPouch20g4_1689498218.png,https://www.patanjaliayurved.net/assets/product_images/additional_images/DarkBrownHerabalMehandiPouch20g5_1689498218.png"
https://www.patanjaliayurved.net/product/natural-personal-care/hair-care/hair-oil/combo-kesh-kanti-hair-oil-300-ml-pack-of-2-rs-50-off/3342,"natural-personal-care,hair-care,hair-oil",Combo- Kesh Kanti Hair Oil 300 Ml (Pack of 2) - Rs 50 Off,Combo- Kesh Kanti Hair Oil 300 Ml (Pack of 2) - Rs 50 Off                             600 ml,Combo- Kesh Kanti Hair Oil 300 Ml (Pack of 2) - Rs 50 Off,"<b>Product Information</b>
Kesh Kanti Hair Oil
  300 Ml (Pack of 2) *Get Rs 50 in your Wallet
<b>Other Product Info </b>
Best before 720 days from manufacturing.",600 ml,https://www.patanjaliayurved.net/assets/product_images/400x500/1689500535KeshKantiHairOil300Ml(Packof2)Rs50Off.png
https://www.patanjaliayurved.net/product/natural-personal-care/hair-care/patanjali-kesh-kanti-hair-colour-cream-developer-dark-brown/1407,"natural-personal-care,hair-care",Patanjali Kesh Kanti Hair Colour (Cream & Developer) - Dark Brown,Patanjali Kesh Kanti Hair Colour (Cream & Developer) - Dark Brown                             40 g,Patanjali Kesh Kanti Hair Colour (Cream & Developer) - Dark Brown,"<b>Product Information</b>
A new generation hair colour cream formula enriched with goodness of precious herbal actives, coconut oil, till oil that gives you glossy silky hair with natural colour. An integration of ayurvedic and modern science.
<b>Benefits </b>
Natural Colour Shade (Dark Brown) Natural Conditioning, Nutrition & Strength to Hair No Ammonia Clinically Tested for Safety and Efficacy Physiotherapy Through Natural Actives for Hairs and Scalp 2 in 1 Combo Sachet for Easy to Mix and Use 
<b>Ingredients </b>
Heena Amla Shikakai Methi Manjistha Bhringraj Jatamansi Neel patta Neem Haldi Till oil Coconut oil Petasites japonicus root extract Fumaria officinalis extract 
<b>How to use </b>
Step1 - Wear hand gloves. Step2 - Take the cream, then add the same quantity of developer in a non-metallic bowl and mix well. Step3 - Immediately apply the mixture on the washed and dried hair with a plastic brush. Step4 - Leave for 30mins and rinse your hairs thoroughly with water. ""Kindly perform sensitivity test prior application"". 
<b>Other Product Info </b>
Best before-12 months from manufacturing date.",40 g,"https://www.patanjaliayurved.net/assets/product_images/400x500/1689498178DarkBrownHaircolourPouch40g1.png,https://www.patanjaliayurved.net/assets/product_images/400x300/1689498178DarkBrownHaircolourPouch40g2.png,https://www.patanjaliayurved.net/assets/product_images/additional_images/DarkBrownHaircolourPouch40g3_1689498178.png,https://www.patanjaliayurved.net/assets/product_images/additional_images/DarkBrownHaircolourPouch40g4_1689498178.png,https://www.patanjaliayurved.net/assets/product_images/additional_images/DarkBrownHaircolourPouch40g5_1689498178.png,https://www.patanjaliayurved.net/assets/product_images/additional_images/DarkBrownHaircolourPouch40g6_1689498178.png"
https://www.patanjaliayurved.net/product/natural-personal-care/hair-care/patanjali-kesh-kanti-herbal-mehandi-burgundy/3280,"natural-personal-care,hair-care",Patanjali Kesh Kanti Herbal Mehandi (Burgundy),Patanjali Kesh Kanti Herbal Mehandi (Burgundy)                             15 g,Patanjali Kesh Kanti Herbal Mehandi (Burgundy),"<b>Product Information</b>
A new generation unique herbal mehandi formula with beneficial ayurvedic herbs that gives you natural color with smooth & silky hair.
<b>Benefits </b>
Natural colour shade (burgundy) Natural conditioning, nutrition & strength to hair No ammonia Clinically tested for safety and efficacy Easy to mix and use 
<b>Ingredients </b>
Heena Amla Shikakai Methi Kalaunji Bhringraj Katha Neel patta Neem Chai patti 
<b>How to use </b>
Take the powder, then add sufficient water i.e. four times of the powder quantity and mix well. Apply on hair for 30min. Wash with Shampoo & plenty of water. 
<b>Other Product Info </b>
Best before-12 months from manufacturing date.",15 g,https://www.patanjaliayurved.net/assets/product_images/400x500/1689498034HaircareCombo-AmlaHairOil200ML+ConditionerDamageControl100MlRs14Off.png
https://www.patanjaliayurved.net/product/natural-personal-care/hair-care/shampoo/patanjali-kesh-kanti-shikakai-hair-cleanser/3924,"natural-personal-care,hair-care,shampoo",Patanjali Kesh Kanti Shikakai Hair Cleanser,Patanjali Kesh Kanti Shikakai Hair Cleanser                             180 ml,Patanjali Kesh Kanti Shikakai Hair Cleanser,"<b>Product Information</b>
Kesh kanti shikakai removes dryness and softens rough hair with natural herbs such as shikakai, reetha, amla, tulsi and bhringraj. Shikakai has been used for centuries to heal minor scalp wounds, reduce lice, soften and detangle the hair.
<b>Benefits </b>
Dermatologically tested. It is used to cleanse hair and oiliness of scalp. For grime free, shiny bouncing hair. Restores natural health of hair. Useful in dryness and roughness of hair. Prevents hair fall and improves hair glow. 
<b>Ingredients </b>
Composition: Each 10 ml contains: Shikakai (Acacia concinna) Bhringraj (Eclipta alba) Gudhal (Hibiscus rosa-sinensis) Sugarcane (Saccharum officinarum) Walnut (Juglans regia) Base material: Aqua, Sodium Laureth sulfate, Cocamide MEA, Sun flower (Helianthus annus) oil, Vit. B5, Dimethicone, Diazolidinyl urea & IPBC, Sugandhit Dravya-Q.S. 
<b>How to use </b>
Apply 2-5 ml on wet hairs. Massage gently to the roots of the hair for a minute. Rinse with water. 
<b>Other Product Info </b>
Best before-24 months from manufacturing date.",180 ml,"https://www.patanjaliayurved.net/assets/product_images/400x500/1689664135Shikakai180ml1.png,https://www.patanjaliayurved.net/assets/product_images/400x300/1689664135Shikakai180ml2.png,https://www.patanjaliayurved.net/assets/product_images/additional_images/Shikakai180ml3_1689664135.png,https://www.patanjaliayurved.net/assets/product_images/additional_images/Shikakai180ml4_1689664135.png"
https://www.patanjaliayurved.net/product/natural-personal-care/hair-care/shampoo/patanjali-kesh-kanti-hair-cleanser-aloevera/3925,"natural-personal-care,hair-care,shampoo",Patanjali Kesh Kanti Hair Cleanser Aloevera,Patanjali Kesh Kanti Hair Cleanser Aloevera                             180 ml,Patanjali Kesh Kanti Hair Cleanser Aloevera,"<b>Product Information</b>
Patanjali kesh kanti aloe vera hair cleanser, a mild formulation with aloe vera, phyto-proteins and ceramide-3 for gentle care of hair by providing deep conditioning & nourishment of hair & scalp.
<b>Benefits </b>
Reduces dryness & moisturize scalp. It helps strengthen & detangle hair. It keeps hair protected and clean from weather and environmental damage. 
<b>Ingredients </b>
Ghrit Kumari (Aloevera) (Lf.) 500 Mg, Gudhal Pushp (Hibiscus Rosa-sinesis) (Fi.) 1.0 Mg, Tulsi (Ocimum Sanctum) (Lf.) 1.0 Mg, Brahmi (Baccopa Monnieri) (Wp.) 1.0 Mg, Reetha (Sapindus Trifoliatus) (Fr.) 1.0 Mg, Amla (Embelica Officinalis) (Fr. Rd.) 1.0 Mg, Bhringraj (Eclipta Alba) (Wp.)1.0 Mg, Heena ( Lawsonia Inermis) (Lf.) 1.0 Mg, Shikakai (Acacia Concinna) (Fr.) 1.0 Mg, Haldi (Curcuma Longa) (Rz.) 1.0 Mg, Giloy (Tinospora Cordifolia) (St.) 1.0 Mg, Bakuchi (Psoralea Corylifolia) (Sd.)  1.0 Mg Base Material : Aqua, Sodium Laureth Sulfate, Cocamidopropyl Betaine, Cocamide MEA, Polyquaternium-10, Tocopheryl Acetate, D-Panthenol, CI 47005, CI 42090, Sugandhit Dravya- Q.S. 
<b>How to use </b>
Apply 2-5 gm on hairs, massage gently and leave for 1-2 minutes. Rinse with water. 
<b>Other Product Info </b>
Best before-24 months from manufacturing date.",180 ml,https://www.patanjaliayurved.net/assets/product_images/400x500/1659956474400x500.jpg
https://www.patanjaliayurved.net/product/natural-personal-care/hair-care/hair-oil/patanjali-kesh-kanti-sarson-amla-hair-oil/3904,"natural-personal-care,hair-care,hair-oil",Patanjali Kesh Kanti Sarson Amla Hair Oil,Patanjali Kesh Kanti Sarson Amla Hair Oil                              175 ml,Patanjali Kesh Kanti Sarson Amla Hair Oil,"<b>Product Information</b>
Patanjali Sarson Amla Hair oil provide you long and strong hair with property of Omega 3 fatty acid, vitamin E & Vitamin C. The extracts of Sarson , Amla , Bhringraj & Curry patta are combined together to ensure vital nourishment of your hair. Regular use of this oil not only prevents hair damage caused by environmental stress but also minimizes hair fall also. Regular massage with finger tips help to releases stress and promotes sleep. It gives your hair natural shine & Keep them healthy.
<b>Benefits </b>
Dermatologically tested & Safe Made from vegetable oil with light feel No added colour Dermatologically tested & Safe. Made from vegetable oil with light feel. No added colour. Nourish, Strengthens & Conditions the hair. Make hair healthy and Long. Prevent hair fall. 
<b>Ingredients </b>
Sarson (Brassica Campestris) Sd. 50 G, Amla (Embelica Officinalis ) Fr. C.p. 1000 Mg, Bhringraj (Eclipta Alba) Wp. C.p. 300 Mg, Curry (Murraya Koenigii) Lf. C.p. 300 Mg. Base Material: Sun Flower Oil (Helianthus Annuus), Tocopheryl Acetate, Di-t-butyl Hydroquinone, Sugandhit Dravya- Q.s. 
<b>How to use </b>
Apply on hair and scalp, massage gently with the help of finger tips & leave on. 
<b>Other Product Info </b>
Best before 24 months from the date of manufacturing.",175 ml,"https://www.patanjaliayurved.net/assets/product_images/400x500/16895004381.png,https://www.patanjaliayurved.net/assets/product_images/400x300/1689500438b.png,https://www.patanjaliayurved.net/assets/product_images/additional_images/b_1689500438.png"
https://www.patanjaliayurved.net/product/natural-personal-care/hair-care/conditioner/patanjali-hair-conditioner-colour-protection/776,"natural-personal-care,hair-care,conditioner",Patanjali Hair Conditioner Colour Protection,Patanjali Hair Conditioner Colour Protection                             100 g,Patanjali Hair Conditioner Colour Protection,"<b>Product Information</b>
Patanjali Hair Conditioner Color Protection made with blend of herbs, Vitamin and essential oil which keeps hair soft and silky while maintaining its colour. Nourishes the hair from the roots, protecting it from dryness and environmental damage. Protects your hair’s colour while making it naturally more vibrant.
<b>Benefits </b>
Decreases hair dryness and roughness. Nourishes and protect hair fiber. Makes hair healthy and strong. 
<b>Ingredients </b>
Ghrit Kumari (Aloe Barbadensis) Wheat Germ Oil (Triticum Sativum) Sunflower Oil (Helianthus Annuus) Bhringraj (Eclipta Alba) Gudhal (Hibiscus Rosa-sinensis) Vitamin E (Tocopheryl Acetate) Glycerin Aqua Shea Butter Silicon Quanternium Diazolidinyl urea & IPBC, Permitted colour & Sugandhit Dravya 
<b>How to use </b>
Apply 2-5 gm on hair after wash, Massage gently and leave for 1-2 minutes. Rinse with water. 
<b>Other Product Info </b>
Best before-24 months from manufacturing date.",100 g,"https://www.patanjaliayurved.net/assets/product_images/400x500/1689482084HairConditionerColourProtection100g1.png,https://www.patanjaliayurved.net/assets/product_images/400x300/1689482084HairConditionerColourProtection100g2.png,https://www.patanjaliayurved.net/assets/product_images/additional_images/HairConditionerColourProtection100g3_1689482084.png,https://www.patanjaliayurved.net/assets/product_images/additional_images/HairConditionerColourProtection100g4_1689482084.png,https://www.patanjaliayurved.net/assets/product_images/additional_images/HairConditionerColourProtection100g5_1689482084.png"
https://www.patanjaliayurved.net/product/natural-personal-care/hair-care/conditioner/patanjali-hair-conditioner-olive-almond/777,"natural-personal-care,hair-care,conditioner",Patanjali Hair Conditioner Olive Almond,Patanjali Hair Conditioner Olive Almond                             100 g,Patanjali Hair Conditioner Olive Almond,"<b>Product Information</b>
Full of the goodness of almond and olive extracts, patanjali kesh kanti hair conditioner nourishes and detangles rough hair. Each application leaves hair soft, silky and manageable. An ayurvedic proprietary medicine, the conditioner hydrates normal, oily, frizzy and dry hair to take it from dull to shiny and make hair flow naturally.
<b>Benefits </b>
Repairs split ends. Reduces hair fall. Makes hair healthy and strong. 
<b>Ingredients </b>
Olive Oil (Olea Europaea) Almond Oil (Prunus Amygdalus) Amla Ext. (Phyllanthus Emblica) Hibiscus Ext. (Hibiscus Rosa-sinensis) Shikakai Ext. (Acacia Concinna) Bhringraj Ext. (Eclipta Alba) Aqua Shea Butter Vitamin E Soya Protein Dimethicone Methyle Paraben Propyle Paraben Sugandhit Dravya 
<b>How to use </b>
Apply 2-5 gm on hair after wash. Massage gently and leave for 1-2 minutes . Rinse with water. 
<b>Other Product Info </b>
Best before-24 months from manufacturing date.",100 g,https://www.patanjaliayurved.net/assets/product_images/400x500/1513763699conditioneerolivealmond.png
https://www.patanjaliayurved.net/product/natural-personal-care/hair-care/hair-oil/patanjali-cold-pressed-castor-oil-with-vitamin-e/3316,"natural-personal-care,hair-care,hair-oil",Patanjali Cold Pressed Castor Oil With Vitamin E,Patanjali Cold Pressed Castor Oil With Vitamin E                             100 ml,Patanjali Cold Pressed Castor Oil With Vitamin E,"<b>Product Information</b>
Castor oil is a multi-purpose vegetable oil that people have used for thousands of years. It’s made by extracting oil from the seeds of the Ricinus communis plant. These seeds, which are known as castor beans, contain a toxic enzyme called ricin.
<b>Benefits </b>
A Powerful Laxative. A Natural Moisturizer. Castor oil is rich in ricin. oleic acid,
  monounsaturated fatty acid. Promotes Wound Healing. Impressive Anti-Inflammatory Effects. Reduces Acne. Fights Fungus. Keeps Your Hair and Scalp Healthy. 
<b>Ingredients </b>
Castor Oil (Ricinus Communis) Vit E Acetate 
<b>How to use </b>
According to the age or as directed by the physician. 
<b>Other Product Info </b>
Best before 720 days from the date of manufacturing.",100 ml,"https://www.patanjaliayurved.net/assets/product_images/400x500/1689500627CastorOil100ml1.png,https://www.patanjaliayurved.net/assets/product_images/400x300/1689500627CastorOil100ml2.png,https://www.patanjaliayurved.net/assets/product_images/additional_images/compo-&-uses_1689500627.png,https://www.patanjaliayurved.net/assets/product_images/additional_images/mfg_1689500627.png"
https://www.patanjaliayurved.net/product/natural-personal-care/hair-care/conditioner/patanjali-damage-control-conditioner/774,"natural-personal-care,hair-care,conditioner",Patanjali Damage Control Conditioner,Patanjali Damage Control Conditioner                              100 g,Patanjali Damage Control Conditioner,"<b>Product Information</b>
Keep hair soft and safe from environmental damage and sun with patanjali conditioner damage control. Repair and protect dry and damaged hair to make it silky and shiny. The essence of vitamins & essential oils combine with herbal mixture to create protection and shine for your tresses.
<b>Benefits </b>
Nourishes frizzy hair. Repair damage and detangle hair. Conditions dry and damaged hair. Makes hair healthy and strong. 
<b>Ingredients </b>
Aloe vera juice (Aloe barbadensis) Sunflower oil (Helianthus annuus) Hemp seed oil (Cannabis sativa) Almond oil (Prunus amygdalus) Wheat germ oil (Triticum sativum) Bhringraj ext (Eclipta alba) Amla seed oil(Phyllanthus emblica) Base material : Aqua, Glycerin, Vitamin E, Sillicone quantermium, Diamethicone diazolindyl urea & IPBC, Soya peptide, Permitted colour 7 sugandhit dravya -Q.S. 
<b>How to use </b>
Apply 2-5 ml on hair after wash. Massage gently and leave for 1-2 minutes. Rinse with water. 
<b>Other Product Info </b>
Best before-24 months from manufacturing date.",100 g,"https://www.patanjaliayurved.net/assets/product_images/400x500/1689482135HairConditionerDamageControl100g1.png,https://www.patanjaliayurved.net/assets/product_images/400x300/1689482135HairConditionerDamageControl100g2.png,https://www.patanjaliayurved.net/assets/product_images/additional_images/HairConditionerDamageControl100g3_1689482135.png,https://www.patanjaliayurved.net/assets/product_images/additional_images/HairConditionerDamageControl100g4_1689482135.png,https://www.patanjaliayurved.net/assets/product_images/additional_images/HairConditionerDamageControl100g5_1689482135.png"
